Method,Antlerless Harvest,Antlered Harvest,Total Harvest,1 Point,2 Point,3 Point,4 Point,5+ Point,Number Hunters,Hunter Success,Hunter Days,Days/Kill
Archery,0,105,105,11,6,13,50,25,585,18%,"4,643",44
Modern Firearm,0,376,376,43,39,111,126,57,"2,224",17%,"10,831",29
Multiple Weapons,0,85,85,7,4,23,34,17,262,32%,"1,939",23
Muzzleloader,0,37,37,5,10,4,18,0,181,20%,776,21
Totals,0,603,603,66,59,151,228,99,n/a,n/a,n/a,n/a
Archery,0,10,10,0,3,3,2,2,50,20%,251,25
Modern Firearm,0,193,193,25,22,54,63,29,618,31%,"2,863",15
Multiple Weapons,0,13,13,2,0,2,5,4,43,30%,195,15
Muzzleloader,0,3,3,0,0,0,3,0,13,23%,47,16
Totals,0,219,219,27,25,59,73,35,n/a,n/a,n/a,n/a
Archery,0,16,16,0,3,2,9,2,68,24%,448,28
Modern Firearm,0,218,218,36,26,72,65,19,988,22%,"4,614",21
Multiple Weapons,0,10,10,4,0,0,4,2,40,25%,307,31
Muzzleloader,0,0,0,0,0,0,0,0,19,0%,83,0
Totals,0,244,244,40,29,74,78,23,n/a,n/a,n/a,n/a
Archery,0,4,4,0,0,2,2,0,37,11%,263,66
Modern Firearm,0,241,241,28,47,89,55,22,"1,101",22%,"5,520",23
Multiple Weapons,0,9,9,2,0,5,2,0,40,23%,243,27
Muzzleloader,0,8,8,0,0,3,5,0,24,33%,99,12
Totals,0,262,262,30,47,99,64,22,n/a,n/a,n/a,n/a
Archery,0,7,7,0,2,3,2,0,63,11%,428,61
Modern Firearm,0,204,204,39,31,42,62,30,"1,228",17%,"6,427",32
Multiple Weapons,0,16,16,0,2,5,7,2,120,13%,958,60
Muzzleloader,0,28,28,3,7,3,10,5,234,12%,"1,346",48
Totals,0,255,255,42,42,53,81,37,n/a,n/a,n/a,n/a
Archery,0,58,58,6,2,14,26,10,302,19%,"2,003",35
Modern Firearm,0,465,465,64,69,117,164,51,"2,603",18%,"12,562",27
Multiple Weapons,0,50,50,3,6,11,21,9,197,25%,"1,598",32
Muzzleloader,0,11,11,3,0,5,3,0,77,14%,306,28
Totals,0,584,584,76,77,147,214,70,n/a,n/a,n/a,n/a
Archery,0,51,51,2,5,15,22,7,326,16%,"2,157",42
Modern Firearm,0,980,980,99,141,264,355,121,"3,702",26%,"17,589",18
Multiple Weapons,0,73,73,7,8,12,32,14,251,29%,"1,421",19
Muzzleloader,0,21,21,0,3,9,7,2,82,26%,315,15
Totals,0,"1,125","1,125",108,157,300,416,144,n/a,n/a,n/a,n/a
Archery,0,251,251,19,21,52,113,46,"1,332",19%,"10,097",40
Modern Firearm,0,"2,677","2,677",334,375,749,890,329,"11,402",23%,"60,226",22
Multiple Weapons,0,256,256,25,20,58,105,48,829,31%,"6,550",26
Muzzleloader,0,108,108,11,20,24,46,7,606,18%,"2,948",27
Totals,0,"3,292","3,292",389,436,883,"1,154",430,n/a,n/a,n/a,n/a
Archery,0,164,164,14,14,28,84,24,657,25%,"4,130",25
Modern Firearm,31,820,851,98,112,186,311,113,"2,793",30%,"12,829",15
Multiple Weapons,2,56,58,2,6,3,26,19,217,27%,"1,663",29
Muzzleloader,0,9,9,2,1,0,6,0,62,15%,236,26
Totals,33,"1,049","1,082",116,133,217,427,156,n/a,n/a,n/a,n/a
Archery,0,96,96,0,0,8,54,34,307,31%,"1,977",21
Modern Firearm,12,69,81,0,0,12,32,25,475,17%,"1,831",23
Multiple Weapons,0,21,21,0,0,5,11,5,78,27%,517,25
Muzzleloader,0,4,4,0,0,2,2,0,17,24%,71,18
Totals,12,190,202,0,0,27,99,64,n/a,n/a,n/a,n/a
Archery,0,7,7,0,0,2,3,2,93,8%,495,71
Modern Firearm,0,102,102,0,0,26,48,28,653,16%,"2,411",24
Multiple Weapons,0,13,13,0,0,4,6,3,88,15%,569,44
Muzzleloader,0,34,34,0,0,3,25,6,192,18%,842,25
Totals,0,156,156,0,0,35,82,39,n/a,n/a,n/a,n/a
Archery,0,12,12,0,0,5,4,3,80,15%,384,32
Modern Firearm,10,182,192,0,0,77,79,26,765,25%,"3,124",16
Multiple Weapons,0,26,26,0,0,13,9,4,72,36%,480,18
Muzzleloader,0,40,40,0,0,13,15,12,170,24%,742,19
Totals,10,260,270,0,0,108,107,45,n/a,n/a,n/a,n/a
Archery,0,11,11,0,0,6,3,2,71,15%,390,35
Modern Firearm,0,202,202,0,0,79,94,29,982,21%,"3,613",18
Multiple Weapons,0,30,30,0,0,9,11,10,104,29%,614,20
Muzzleloader,0,20,20,0,0,12,6,2,80,25%,305,15
Totals,0,263,263,0,0,106,114,43,n/a,n/a,n/a,n/a
Archery,6,15,21,0,0,3,12,0,53,40%,221,11
Modern Firearm,8,235,243,0,0,84,97,54,939,26%,"3,112",13
Multiple Weapons,0,19,19,0,0,5,10,4,81,23%,411,22
Muzzleloader,0,35,35,0,0,7,17,11,112,31%,456,13
Totals,14,304,318,0,0,99,136,69,n/a,n/a,n/a,n/a
Archery,4,2,6,0,0,2,0,0,30,20%,162,27
Modern Firearm,3,250,253,0,0,114,104,32,706,36%,"2,152",9
Multiple Weapons,0,29,29,0,0,10,16,3,95,31%,480,17
Muzzleloader,0,23,23,0,0,4,14,5,61,38%,190,8
Totals,7,304,311,0,0,130,134,40,n/a,n/a,n/a,n/a
Archery,10,307,317,14,14,54,160,65,"1,226",26%,"7,705",24
Modern Firearm,64,"1,860","1,924",98,112,578,765,307,"6,958",28%,"29,026",15
Multiple Weapons,2,194,196,2,6,49,89,48,672,29%,"4,786",24
Muzzleloader,0,165,165,2,1,41,85,36,632,26%,"2,727",17
Totals,76,"2,526","2,602",116,133,722,"1,099",456,n/a,n/a,n/a,n/a
Archery,8,4,12,0,0,2,2,0,23,52%,94,8
Modern Firearm,11,166,177,0,0,60,85,21,559,32%,"1,560",9
Multiple Weapons,0,8,8,0,0,2,4,2,24,33%,68,9
Muzzleloader,0,12,12,0,0,8,2,2,38,32%,138,12
Totals,19,190,209,0,0,72,93,25,n/a,n/a,n/a,n/a
Archery,22,10,32,0,0,3,5,2,118,27%,713,22
Modern Firearm,4,417,421,0,0,143,182,92,"1,305",32%,"4,565",11
Multiple Weapons,0,44,44,0,0,19,16,9,123,36%,730,17
Muzzleloader,3,47,50,0,0,20,14,13,174,29%,680,14
Totals,29,518,547,0,0,185,217,116,n/a,n/a,n/a,n/a
Archery,13,8,21,0,0,0,8,0,121,17%,701,33
Modern Firearm,47,123,170,0,0,26,70,27,739,23%,"2,880",17
Multiple Weapons,2,13,15,0,0,4,9,0,39,38%,275,18
Muzzleloader,n/a,n/a,n/a,n/a,n/a,n/a,n/a,n/a,n/a,n/a,n/a,n/a
Totals,62,144,206,0,0,30,87,27,n/a,n/a,n/a,n/a
Archery,n/a,n/a,n/a,n/a,n/a,n/a,n/a,n/a,n/a,n/a,n/a,n/a
Modern Firearm,n/a,n/a,n/a,n/a,n/a,n/a,n/a,n/a,n/a,n/a,n/a,n/a
Multiple Weapons,n/a,n/a,n/a,n/a,n/a,n/a,n/a,n/a,n/a,n/a,n/a,n/a
Muzzleloader,n/a,n/a,n/a,n/a,n/a,n/a,n/a,n/a,n/a,n/a,n/a,n/a
Totals,0,0,0,0,0,0,0,0,n/a,n/a,n/a,n/a
Archery,9,12,21,0,0,0,9,3,152,14%,773,37
Modern Firearm,34,118,152,0,0,41,57,20,"1,175",13%,"4,463",29
Multiple Weapons,0,2,2,0,0,0,0,2,50,4%,261,131
Muzzleloader,n/a,n/a,n/a,n/a,n/a,n/a,n/a,n/a,n/a,n/a,n/a,n/a
Totals,43,132,175,0,0,41,66,25,n/a,n/a,n/a,n/a
Archery,21,2,23,0,0,0,2,0,145,16%,550,24
Modern Firearm,0,87,87,0,0,35,45,7,371,23%,"1,520",17
Multiple Weapons,3,7,10,0,0,3,2,2,38,26%,168,17
Muzzleloader,n/a,n/a,n/a,n/a,n/a,n/a,n/a,n/a,n/a,n/a,n/a,n/a
Totals,24,96,120,0,0,38,49,9,n/a,n/a,n/a,n/a
Archery,0,4,4,0,0,2,2,0,51,8%,210,53
Modern Firearm,0,32,32,0,0,4,20,8,364,9%,"1,403",44
Multiple Weapons,0,7,7,0,0,0,5,2,24,29%,112,16
Muzzleloader,n/a,n/a,n/a,n/a,n/a,n/a,n/a,n/a,n/a,n/a,n/a,n/a
Totals,0,43,43,0,0,6,27,10,n/a,n/a,n/a,n/a
Archery,0,0,0,0,0,0,0,0,18,0%,91,0
Modern Firearm,0,23,23,0,0,14,3,6,137,17%,559,24
Multiple Weapons,0,2,2,0,0,0,0,2,10,20%,49,25
Muzzleloader,n/a,n/a,n/a,n/a,n/a,n/a,n/a,n/a,n/a,n/a,n/a,n/a
Totals,0,25,25,0,0,14,3,8,n/a,n/a,n/a,n/a
Archery,4,0,4,0,0,0,0,0,22,18%,100,25
Modern Firearm,0,29,29,0,0,16,9,4,166,17%,729,25
Multiple Weapons,0,11,11,0,0,4,4,3,39,28%,173,16
Muzzleloader,0,11,11,0,0,7,4,0,39,28%,184,17
Totals,4,51,55,0,0,27,17,7,n/a,n/a,n/a,n/a
Archery,0,0,0,0,0,0,0,0,32,0%,182,0
Modern Firearm,0,25,25,0,0,10,10,5,245,10%,997,40
Multiple Weapons,0,0,0,0,0,0,0,0,36,0%,251,0
Muzzleloader,0,6,6,0,0,2,2,2,33,18%,140,23
Totals,0,31,31,0,0,12,12,7,n/a,n/a,n/a,n/a
Archery,8,5,13,0,0,2,3,0,56,23%,254,20
Modern Firearm,14,149,163,0,0,56,55,38,490,33%,"1,624",10
Multiple Weapons,3,7,10,0,0,0,4,3,48,21%,173,17
Muzzleloader,n/a,n/a,n/a,n/a,n/a,n/a,n/a,n/a,n/a,n/a,n/a,n/a
Totals,25,161,186,0,0,58,62,41,n/a,n/a,n/a,n/a
Archery,5,2,7,0,0,0,0,2,16,44%,62,9
Modern Firearm,0,129,129,0,0,40,63,26,409,32%,"1,556",12
Multiple Weapons,0,9,9,0,0,0,5,4,42,21%,218,24
Muzzleloader,0,27,27,0,0,11,5,11,81,33%,382,14
Totals,5,167,172,0,0,51,73,43,n/a,n/a,n/a,n/a
Archery,0,0,0,0,0,0,0,0,7,0%,24,0
Modern Firearm,0,44,44,0,0,21,17,6,152,29%,557,13
Multiple Weapons,4,7,11,0,0,0,0,7,28,39%,90,8
Muzzleloader,0,9,9,0,0,2,7,0,23,39%,93,10
Totals,4,60,64,0,0,23,24,13,n/a,n/a,n/a,n/a
Archery,90,47,137,0,0,9,31,7,667,21%,"3,794",28
Modern Firearm,110,"1,342","1,452",0,0,466,616,260,"5,553",26%,"22,843",16
Multiple Weapons,12,117,129,0,0,32,49,36,395,33%,"2,662",21
Muzzleloader,3,112,115,0,0,50,34,28,349,33%,"1,546",13
Totals,215,"1,618","1,833",0,0,557,730,331,n/a,n/a,n/a,n/a
Archery,2,8,10,0,0,2,6,0,52,19%,229,23
Modern Firearm,0,39,39,0,0,23,13,3,109,36%,309,8
Multiple Weapons,4,5,9,0,0,3,0,2,35,26%,154,17
Muzzleloader,0,0,0,0,0,0,0,0,12,0%,47,0
Totals,6,52,58,0,0,28,19,5,n/a,n/a,n/a,n/a
Archery,7,5,12,0,0,2,2,1,59,20%,347,29
Modern Firearm,0,96,96,0,0,29,36,31,264,36%,935,10
Multiple Weapons,3,14,17,0,0,3,5,6,44,39%,271,16
Muzzleloader,0,5,5,0,0,0,2,3,28,18%,75,15
Totals,10,120,130,0,0,34,45,41,n/a,n/a,n/a,n/a
Archery,10,5,15,0,0,0,5,0,68,22%,333,22
Modern Firearm,0,17,17,0,0,11,4,2,76,22%,245,14
Multiple Weapons,0,13,13,0,0,5,5,3,70,19%,427,33
Muzzleloader,2,13,15,0,0,7,3,3,106,14%,421,28
Totals,12,48,60,0,0,23,17,8,n/a,n/a,n/a,n/a
Archery,0,2,2,0,0,2,0,0,28,7%,108,54
Modern Firearm,2,142,144,0,0,60,59,23,505,29%,"1,679",12
Multiple Weapons,3,34,37,0,0,11,15,8,138,27%,684,18
Muzzleloader,0,48,48,0,0,22,13,13,184,26%,611,13
Totals,5,226,231,0,0,95,87,44,n/a,n/a,n/a,n/a
Archery,19,20,39,0,0,6,13,1,203,19%,"1,016",26
Modern Firearm,2,294,296,0,0,123,112,59,939,32%,"3,158",11
Multiple Weapons,10,66,76,0,0,22,25,19,264,29%,"1,583",21
Muzzleloader,2,66,68,0,0,29,18,19,315,22%,"1,101",16
Totals,33,446,479,0,0,180,168,98,n/a,n/a,n/a,n/a
Archery,35,17,52,0,0,11,6,0,281,19%,"1,618",31
Modern Firearm,0,186,186,0,4,77,91,14,947,20%,"3,582",19
Multiple Weapons,6,32,38,0,0,18,9,5,161,24%,"1,118",29
Muzzleloader,0,13,13,0,0,2,4,7,75,17%,269,21
Totals,41,248,289,0,4,108,110,26,n/a,n/a,n/a,n/a
Archery,2,16,18,0,0,3,4,9,85,21%,474,26
Modern Firearm,0,40,40,0,0,17,15,8,178,22%,617,15
Multiple Weapons,2,21,23,0,0,10,6,5,51,45%,219,10
Muzzleloader,0,0,0,0,0,0,0,0,22,0%,125,0
Totals,4,77,81,0,0,30,25,22,n/a,n/a,n/a,n/a
Archery,6,14,20,0,0,2,6,6,84,24%,618,31
Modern Firearm,0,229,229,0,0,77,98,54,739,31%,"2,351",10
Multiple Weapons,5,35,40,0,0,13,12,10,94,43%,438,11
Muzzleloader,0,26,26,0,0,13,6,7,91,29%,327,13
Totals,11,304,315,0,0,105,122,77,n/a,n/a,n/a,n/a
Archery,n/a,n/a,n/a,n/a,n/a,n/a,n/a,n/a,n/a,n/a,n/a,n/a
Modern Firearm,n/a,n/a,n/a,n/a,n/a,n/a,n/a,n/a,n/a,n/a,n/a,n/a
Multiple Weapons,n/a,n/a,n/a,n/a,n/a,n/a,n/a,n/a,n/a,n/a,n/a,n/a
Muzzleloader,n/a,n/a,n/a,n/a,n/a,n/a,n/a,n/a,n/a,n/a,n/a,n/a
Totals,0,0,0,0,0,0,0,0,n/a,n/a,n/a,n/a
Archery,43,47,90,0,0,16,16,15,441,20%,"2,726",30
Modern Firearm,0,455,455,0,4,171,204,76,"1,851",25%,"6,488",14
Multiple Weapons,13,88,101,0,0,41,27,20,295,34%,"1,729",17
Muzzleloader,0,39,39,0,0,15,10,14,194,20%,739,19
Totals,56,629,685,0,4,243,257,125,n/a,n/a,n/a,n/a
Archery,n/a,n/a,n/a,n/a,n/a,n/a,n/a,n/a,n/a,n/a,n/a,n/a
Modern Firearm,0,7,7,0,0,5,2,0,290,2%,"1,171",167
Multiple Weapons,0,0,0,0,0,0,0,0,30,0%,128,0
Muzzleloader,0,0,0,0,0,0,0,0,5,0%,23,0
Totals,0,7,7,0,0,5,2,0,n/a,n/a,n/a,n/a
Archery,57,87,144,9,7,28,31,12,568,25%,"3,376",23
Modern Firearm,0,375,375,9,12,129,149,76,"2,416",16%,"11,804",31
Multiple Weapons,5,65,70,6,3,16,22,18,243,29%,"1,686",24
Muzzleloader,0,38,38,2,5,13,13,5,191,20%,761,20
Totals,62,565,627,26,27,186,215,111,n/a,n/a,n/a,n/a
Archery,8,15,23,0,0,3,12,0,94,24%,425,18
Modern Firearm,0,81,81,0,0,38,32,11,248,33%,886,11
Multiple Weapons,0,23,23,0,2,7,12,2,38,61%,130,6
Muzzleloader,0,9,9,0,0,9,0,0,23,39%,78,9
Totals,8,128,136,0,2,57,56,13,n/a,n/a,n/a,n/a
Archery,25,53,78,0,0,25,19,9,366,21%,"2,166",28
Modern Firearm,0,103,103,4,2,38,53,6,773,13%,"3,683",36
Multiple Weapons,5,28,33,0,0,17,5,6,145,23%,903,27
Muzzleloader,0,6,6,0,1,0,2,3,37,16%,121,20
Totals,30,190,220,4,3,80,79,24,n/a,n/a,n/a,n/a
Archery,18,3,21,0,0,3,0,0,107,20%,610,29
Modern Firearm,0,161,161,2,4,50,74,31,"1,052",15%,"4,896",30
Multiple Weapons,0,22,22,0,2,5,13,2,98,22%,525,24
Muzzleloader,n/a,n/a,n/a,n/a,n/a,n/a,n/a,n/a,n/a,n/a,n/a,n/a
Totals,18,186,204,2,6,58,87,33,n/a,n/a,n/a,n/a
Archery,21,9,30,0,0,4,3,2,121,25%,726,24
Modern Firearm,0,147,147,0,0,50,77,20,"1,360",11%,"6,126",42
Multiple Weapons,0,21,21,0,0,4,13,4,85,25%,351,17
Muzzleloader,n/a,n/a,n/a,n/a,n/a,n/a,n/a,n/a,n/a,n/a,n/a,n/a
Totals,21,177,198,0,0,58,93,26,n/a,n/a,n/a,n/a
Archery,5,5,10,0,0,2,3,0,38,26%,186,19
Modern Firearm,0,52,52,8,0,16,24,4,500,10%,"2,095",40
Multiple Weapons,5,18,23,0,2,6,7,3,60,38%,411,18
Muzzleloader,0,5,5,0,0,3,2,0,28,18%,107,21
Totals,10,80,90,8,2,27,36,7,n/a,n/a,n/a,n/a
Archery,8,17,25,0,0,8,9,0,122,20%,595,24
Modern Firearm,0,151,151,0,0,72,62,17,661,23%,"2,749",18
Multiple Weapons,0,15,15,0,0,5,10,0,78,19%,499,33
Muzzleloader,0,1,1,0,0,0,0,1,37,3%,156,156
Totals,8,184,192,0,0,85,81,18,n/a,n/a,n/a,n/a
Archery,0,2,2,0,0,0,2,0,12,17%,130,65
Modern Firearm,0,108,108,0,0,56,39,13,705,15%,"3,086",29
Multiple Weapons,0,15,15,0,0,6,7,2,60,25%,364,24
Muzzleloader,0,2,2,0,0,0,0,2,41,5%,173,87
Totals,0,127,127,0,0,62,48,17,n/a,n/a,n/a,n/a
Archery,2,4,6,2,0,2,0,0,21,29%,98,16
Modern Firearm,0,94,94,3,2,36,32,21,789,12%,"3,207",34
Multiple Weapons,4,17,21,0,2,6,7,2,84,25%,566,27
Muzzleloader,0,4,4,0,0,2,2,0,29,14%,99,25
Totals,6,119,125,5,4,46,41,23,n/a,n/a,n/a,n/a
Archery,144,195,339,11,7,75,79,23,"1,320",26%,"8,183",24
Modern Firearm,0,"1,279","1,279",26,20,490,544,199,"8,046",16%,"39,659",31
Multiple Weapons,19,224,243,6,11,72,96,39,759,32%,"5,564",23
Muzzleloader,0,65,65,2,6,27,19,11,382,17%,"1,520",23
Totals,163,"1,763","1,926",45,44,664,738,272,n/a,n/a,n/a,n/a
Archery,0,11,11,0,0,7,2,2,82,13%,497,45
Modern Firearm,0,69,69,0,0,36,21,12,474,15%,"1,928",28
Multiple Weapons,0,15,15,0,0,9,6,0,58,26%,360,24
Muzzleloader,0,9,9,0,2,3,4,0,49,18%,158,18
Totals,0,104,104,0,2,55,33,14,n/a,n/a,n/a,n/a
Archery,0,0,0,0,0,0,0,0,21,0%,185,0
Modern Firearm,0,11,11,0,0,2,5,4,134,8%,617,56
Multiple Weapons,0,0,0,0,0,0,0,0,13,0%,69,0
Muzzleloader,0,0,0,0,0,0,0,0,3,0%,8,0
Totals,0,11,11,0,0,2,5,4,n/a,n/a,n/a,n/a
Archery,8,11,19,0,0,5,6,0,115,17%,608,32
Modern Firearm,0,44,44,0,0,23,13,8,617,7%,"2,777",63
Multiple Weapons,5,10,15,0,0,3,4,3,96,16%,513,34
Muzzleloader,0,2,2,0,0,0,2,0,15,13%,45,23
Totals,13,67,80,0,0,31,25,11,n/a,n/a,n/a,n/a
Archery,10,2,12,0,0,0,2,0,32,38%,102,9
Modern Firearm,0,48,48,0,0,17,21,10,256,19%,"1,106",23
Multiple Weapons,0,9,9,0,0,4,5,0,26,35%,97,11
Muzzleloader,0,3,3,0,0,3,0,0,12,25%,37,12
Totals,10,62,72,0,0,24,28,10,n/a,n/a,n/a,n/a
Archery,34,12,46,0,0,3,5,4,191,24%,989,22
Modern Firearm,0,120,120,0,2,68,36,14,"1,074",11%,"5,001",42
Multiple Weapons,5,10,15,0,0,4,3,3,116,13%,567,38
Muzzleloader,0,0,0,0,0,0,0,0,18,0%,60,0
Totals,39,142,181,0,2,75,44,21,n/a,n/a,n/a,n/a
Archery,6,8,14,0,0,3,3,2,66,21%,403,29
Modern Firearm,0,71,71,0,0,53,13,5,487,15%,"1,688",24
Multiple Weapons,3,12,15,0,0,6,3,3,76,20%,455,30
Muzzleloader,0,16,16,0,0,6,8,2,67,24%,257,16
Totals,9,107,116,0,0,68,27,12,n/a,n/a,n/a,n/a
Archery,0,0,0,0,0,0,0,0,30,0%,136,0
Modern Firearm,0,2,2,0,0,0,2,0,96,2%,338,169
Multiple Weapons,0,2,2,0,0,0,0,2,19,11%,91,46
Muzzleloader,n/a,n/a,n/a,n/a,n/a,n/a,n/a,n/a,n/a,n/a,n/a,n/a
Totals,0,4,4,0,0,0,2,2,n/a,n/a,n/a,n/a
Archery,26,36,62,0,0,20,11,5,396,16%,"2,043",33
Modern Firearm,0,82,82,0,2,56,10,14,435,19%,"1,448",18
Multiple Weapons,3,34,37,0,0,16,12,6,166,22%,808,22
Muzzleloader,0,11,11,0,0,7,2,2,25,44%,61,6
Totals,29,163,192,0,2,99,35,27,n/a,n/a,n/a,n/a
Archery,0,13,13,0,0,6,5,2,93,14%,469,36
Modern Firearm,0,141,141,0,0,61,58,22,753,19%,"2,787",20
Multiple Weapons,0,16,16,0,0,6,6,4,80,20%,501,31
Muzzleloader,0,8,8,0,0,4,2,2,56,14%,212,27
Totals,0,178,178,0,0,77,71,30,n/a,n/a,n/a,n/a
Archery,6,4,10,0,0,2,2,0,25,40%,157,16
Modern Firearm,0,37,37,0,0,20,14,3,294,13%,"1,145",31
Multiple Weapons,0,5,5,0,0,2,3,0,22,23%,104,21
Muzzleloader,0,9,9,0,0,6,3,0,42,21%,164,18
Totals,6,55,61,0,0,30,22,3,n/a,n/a,n/a,n/a
Archery,5,5,10,0,0,5,0,0,24,42%,93,9
Modern Firearm,0,44,44,0,0,32,7,5,290,15%,"1,090",25
Multiple Weapons,0,17,17,0,0,6,9,2,44,39%,201,12
Muzzleloader,0,9,9,0,0,4,5,0,58,16%,172,19
Totals,5,75,80,0,0,47,21,7,n/a,n/a,n/a,n/a
Archery,2,1,3,0,0,1,0,0,21,14%,91,30
Modern Firearm,0,53,53,0,0,39,10,4,229,23%,711,13
Multiple Weapons,0,8,8,0,0,3,5,0,20,40%,177,22
Muzzleloader,0,5,5,0,0,0,5,0,35,14%,139,28
Totals,2,67,69,0,0,43,20,4,n/a,n/a,n/a,n/a
Archery,3,3,6,0,0,3,0,0,23,26%,106,18
Modern Firearm,0,61,61,0,0,36,17,8,255,24%,877,14
Multiple Weapons,8,1,9,0,0,1,0,0,26,35%,253,28
Muzzleloader,0,2,2,0,0,0,2,0,14,14%,74,37
Totals,11,67,78,0,0,40,19,8,n/a,n/a,n/a,n/a
Archery,0,2,2,0,0,2,0,0,9,22%,44,22
Modern Firearm,0,67,67,0,0,30,34,3,304,22%,"1,012",15
Multiple Weapons,0,10,10,0,0,7,0,3,37,27%,192,19
Muzzleloader,0,7,7,0,0,2,3,2,33,21%,117,17
Totals,0,86,86,0,0,41,37,8,n/a,n/a,n/a,n/a
Archery,100,108,208,0,0,57,36,15,"1,002",21%,"5,931",29
Modern Firearm,0,850,850,0,4,473,261,112,"5,252",16%,"22,440",26
Multiple Weapons,24,149,173,0,0,67,56,26,640,27%,"4,421",26
Muzzleloader,0,81,81,0,2,35,36,8,389,21%,"1,544",19
Totals,124,"1,188","1,312",0,6,632,389,161,n/a,n/a,n/a,n/a
Archery,0,14,14,0,0,6,6,2,171,8%,"1,010",72
Modern Firearm,0,54,54,0,0,23,19,12,735,7%,"3,013",56
Multiple Weapons,0,24,24,0,0,10,4,10,117,21%,695,29
Muzzleloader,0,15,15,0,0,12,3,0,87,17%,349,23
Totals,0,107,107,0,0,51,32,24,n/a,n/a,n/a,n/a
Archery,n/a,n/a,n/a,n/a,n/a,n/a,n/a,n/a,n/a,n/a,n/a,n/a
Modern Firearm,n/a,n/a,n/a,n/a,n/a,n/a,n/a,n/a,n/a,n/a,n/a,n/a
Multiple Weapons,n/a,n/a,n/a,n/a,n/a,n/a,n/a,n/a,n/a,n/a,n/a,n/a
Muzzleloader,n/a,n/a,n/a,n/a,n/a,n/a,n/a,n/a,n/a,n/a,n/a,n/a
Totals,0,0,0,0,0,0,0,0,n/a,n/a,n/a,n/a
Archery,n/a,n/a,n/a,n/a,n/a,n/a,n/a,n/a,n/a,n/a,n/a,n/a
Modern Firearm,0,2,2,0,0,0,2,0,7,29%,26,13
Multiple Weapons,0,0,0,0,0,0,0,0,2,0%,2,0
Muzzleloader,0,2,2,0,0,2,0,0,2,100%,3,2
Totals,0,4,4,0,0,2,2,0,n/a,n/a,n/a,n/a
Archery,10,5,15,0,0,0,2,3,43,35%,175,12
Modern Firearm,0,27,27,0,0,9,13,5,289,9%,"1,008",37
Multiple Weapons,0,10,10,0,0,2,4,4,26,38%,134,13
Muzzleloader,6,7,13,0,0,7,0,0,25,52%,68,5
Totals,16,49,65,0,0,18,19,12,n/a,n/a,n/a,n/a
Archery,0,9,9,0,0,4,0,5,140,6%,758,84
Modern Firearm,0,167,167,0,0,58,66,43,"1,153",14%,"5,091",30
Multiple Weapons,0,49,49,0,0,12,18,19,178,28%,"1,098",22
Muzzleloader,0,11,11,0,0,0,3,8,48,23%,178,16
Totals,0,236,236,0,0,74,87,75,n/a,n/a,n/a,n/a
Archery,0,12,12,0,0,6,2,4,177,7%,940,78
Modern Firearm,0,18,18,0,0,7,5,6,408,4%,"1,763",98
Multiple Weapons,0,9,9,0,0,3,4,2,65,14%,418,46
Muzzleloader,0,2,2,0,0,2,0,0,31,6%,139,70
Totals,0,41,41,0,0,18,11,12,n/a,n/a,n/a,n/a
Archery,0,6,6,0,0,6,0,0,135,4%,961,160
Modern Firearm,0,38,38,0,0,25,11,2,699,5%,"3,330",88
Multiple Weapons,0,11,11,0,0,5,3,3,126,9%,573,52
Muzzleloader,0,11,11,0,0,6,3,2,97,11%,374,34
Totals,0,66,66,0,0,42,17,7,n/a,n/a,n/a,n/a
Archery,0,10,10,0,0,6,2,2,101,10%,607,61
Modern Firearm,0,39,39,0,0,22,12,5,582,7%,"2,227",57
Multiple Weapons,0,12,12,0,0,9,0,3,94,13%,634,53
Muzzleloader,0,14,14,0,0,9,3,2,107,13%,373,27
Totals,0,75,75,0,0,46,17,12,n/a,n/a,n/a,n/a
Archery,0,8,8,0,0,2,3,3,79,10%,359,45
Modern Firearm,0,34,34,0,0,18,10,6,569,6%,"2,559",75
Multiple Weapons,0,2,2,0,0,0,2,0,24,8%,157,79
Muzzleloader,n/a,n/a,n/a,n/a,n/a,n/a,n/a,n/a,n/a,n/a,n/a,n/a
Totals,0,44,44,0,0,20,15,9,n/a,n/a,n/a,n/a
Archery,0,9,9,0,0,6,3,0,166,5%,"1,100",122
Modern Firearm,0,14,14,0,0,5,7,2,260,5%,994,71
Multiple Weapons,0,10,10,0,0,1,9,0,46,22%,246,25
Muzzleloader,0,0,0,0,0,0,0,0,25,0%,108,0
Totals,0,33,33,0,0,12,19,2,n/a,n/a,n/a,n/a
Archery,0,2,2,0,0,2,0,0,44,5%,206,103
Modern Firearm,0,2,2,0,0,0,2,0,145,1%,633,317
Multiple Weapons,0,0,0,0,0,0,0,0,39,0%,158,0
Muzzleloader,0,0,0,0,0,0,0,0,18,0%,75,0
Totals,0,4,4,0,0,2,2,0,n/a,n/a,n/a,n/a
Archery,0,0,0,0,0,0,0,0,10,0%,44,0
Modern Firearm,0,5,5,0,0,5,0,0,252,2%,"1,001",200
Multiple Weapons,0,2,2,0,0,0,0,2,26,8%,143,72
Muzzleloader,0,2,2,0,0,0,2,0,29,7%,81,41
Totals,0,9,9,0,0,5,2,2,n/a,n/a,n/a,n/a
Archery,0,2,2,0,0,2,0,0,76,3%,578,289
Modern Firearm,0,7,7,0,0,5,2,0,201,3%,854,122
Multiple Weapons,0,2,2,0,0,2,0,0,35,6%,197,99
Muzzleloader,0,0,0,0,0,0,0,0,19,0%,138,0
Totals,0,11,11,0,0,9,2,0,n/a,n/a,n/a,n/a
Archery,0,18,18,0,0,7,9,2,162,11%,"1,169",65
Modern Firearm,0,47,47,0,0,27,15,5,748,6%,"3,302",70
Multiple Weapons,0,21,21,0,0,14,5,2,118,18%,707,34
Muzzleloader,0,4,4,0,0,2,2,0,98,4%,387,97
Totals,0,90,90,0,0,50,31,9,n/a,n/a,n/a,n/a
Archery,n/a,n/a,n/a,n/a,n/a,n/a,n/a,n/a,n/a,n/a,n/a,n/a
Modern Firearm,n/a,n/a,n/a,n/a,n/a,n/a,n/a,n/a,n/a,n/a,n/a,n/a
Multiple Weapons,n/a,n/a,n/a,n/a,n/a,n/a,n/a,n/a,n/a,n/a,n/a,n/a
Muzzleloader,n/a,n/a,n/a,n/a,n/a,n/a,n/a,n/a,n/a,n/a,n/a,n/a
Totals,0,0,0,0,0,0,0,0,n/a,n/a,n/a,n/a
Archery,10,95,105,0,0,47,27,21,"1,189",9%,"7,827",75
Modern Firearm,0,454,454,0,0,204,164,86,"5,674",8%,"25,882",57
Multiple Weapons,0,152,152,0,0,58,49,45,745,20%,"5,184",34
Muzzleloader,6,68,74,0,0,40,16,12,533,14%,"2,237",30
Totals,16,769,785,0,0,349,256,164,n/a,n/a,n/a,n/a
Archery,0,19,19,0,0,12,5,2,57,33%,263,14
Modern Firearm,0,195,195,0,0,123,59,13,689,28%,"2,431",12
Multiple Weapons,0,26,26,0,0,16,6,4,99,26%,673,26
Muzzleloader,0,37,37,0,0,19,10,8,187,20%,798,22
Totals,0,277,277,0,0,170,80,27,n/a,n/a,n/a,n/a
Archery,0,34,34,0,0,15,16,3,167,20%,806,24
Modern Firearm,0,105,105,0,0,61,37,7,663,16%,"2,670",25
Multiple Weapons,0,16,16,0,0,9,7,0,80,20%,490,31
Muzzleloader,n/a,n/a,n/a,n/a,n/a,n/a,n/a,n/a,n/a,n/a,n/a,n/a
Totals,0,155,155,0,0,85,60,10,n/a,n/a,n/a,n/a
Archery,6,4,10,4,0,0,0,0,40,25%,184,18
Modern Firearm,0,54,54,16,20,13,2,3,197,27%,804,15
Multiple Weapons,2,2,4,0,0,0,2,0,20,20%,139,35
Muzzleloader,0,0,0,0,0,0,0,0,4,0%,10,0
Totals,8,60,68,20,20,13,4,3,n/a,n/a,n/a,n/a
Archery,0,9,9,3,4,2,0,0,241,4%,"1,572",175
Modern Firearm,0,69,69,23,24,11,6,5,699,10%,"3,457",50
Multiple Weapons,0,11,11,2,6,3,0,0,81,14%,700,64
Muzzleloader,0,4,4,0,4,0,0,0,59,7%,236,59
Totals,0,93,93,28,38,16,6,5,n/a,n/a,n/a,n/a
Archery,32,36,68,7,9,14,6,0,287,24%,"1,866",27
Modern Firearm,43,282,325,63,98,58,48,15,"1,030",32%,"4,118",13
Multiple Weapons,2,40,42,13,9,13,3,2,135,31%,"1,139",27
Muzzleloader,8,15,23,5,5,3,2,0,89,26%,346,15
Totals,85,373,458,88,121,88,59,17,n/a,n/a,n/a,n/a
Archery,27,22,49,12,8,0,2,0,144,34%,909,19
Modern Firearm,0,415,415,145,188,53,22,7,"1,719",24%,"9,001",22
Multiple Weapons,3,34,37,6,17,5,6,0,126,29%,967,26
Muzzleloader,0,7,7,7,0,0,0,0,42,17%,200,29
Totals,30,478,508,170,213,58,30,7,n/a,n/a,n/a,n/a
Archery,0,3,3,0,0,3,0,0,80,4%,406,135
Modern Firearm,0,63,63,5,30,19,5,4,585,11%,"2,639",42
Multiple Weapons,0,5,5,3,0,2,0,0,36,14%,212,42
Muzzleloader,0,0,0,0,0,0,0,0,15,0%,68,0
Totals,0,71,71,8,30,24,5,4,n/a,n/a,n/a,n/a
Archery,0,7,7,3,2,0,2,0,23,30%,103,15
Modern Firearm,0,98,98,23,34,16,20,5,455,22%,"2,077",21
Multiple Weapons,0,4,4,0,2,2,0,0,21,19%,158,40
Muzzleloader,0,0,0,0,0,0,0,0,18,0%,50,0
Totals,0,109,109,26,38,18,22,5,n/a,n/a,n/a,n/a
Archery,0,2,2,0,0,2,0,0,50,4%,265,133
Modern Firearm,0,147,147,0,0,74,60,13,977,15%,"5,075",35
Multiple Weapons,0,15,15,0,0,7,4,4,84,18%,628,42
Muzzleloader,0,6,6,0,0,6,0,0,38,16%,175,29
Totals,0,170,170,0,0,89,64,17,n/a,n/a,n/a,n/a
Archery,65,136,201,29,23,48,31,5,949,21%,"6,314",31
Modern Firearm,43,"1,428","1,471",275,394,428,259,72,"6,144",24%,"32,154",22
Multiple Weapons,7,153,160,24,34,57,28,10,554,29%,"5,134",32
Muzzleloader,8,69,77,12,9,28,12,8,432,18%,"1,949",25
Totals,123,"1,786","1,909",340,460,561,330,95,n/a,n/a,n/a,n/a
Archery,10,9,19,2,5,2,0,0,53,36%,289,15
Modern Firearm,0,299,299,100,131,45,14,9,973,31%,"5,221",17
Multiple Weapons,0,24,24,4,13,7,0,0,89,27%,641,27
Muzzleloader,0,19,19,7,9,3,0,0,98,19%,416,22
Totals,10,351,361,113,158,57,14,9,n/a,n/a,n/a,n/a
Archery,0,2,2,2,0,0,0,0,29,7%,184,92
Modern Firearm,0,55,55,18,22,8,5,2,267,21%,"1,306",24
Multiple Weapons,0,5,5,3,0,2,0,0,18,28%,172,34
Muzzleloader,0,2,2,2,0,0,0,0,13,15%,69,35
Totals,0,64,64,25,22,10,5,2,n/a,n/a,n/a,n/a
Archery,2,5,7,0,5,0,0,0,35,20%,175,25
Modern Firearm,0,74,74,20,26,17,9,2,249,30%,"1,095",15
Multiple Weapons,5,18,23,3,9,4,2,0,45,51%,532,23
Muzzleloader,22,8,30,0,5,1,0,2,64,47%,398,13
Totals,29,105,134,23,45,22,11,4,n/a,n/a,n/a,n/a
Archery,25,23,48,5,10,5,3,0,206,23%,"1,395",29
Modern Firearm,0,317,317,69,159,62,21,6,"1,053",30%,"4,829",15
Multiple Weapons,7,27,34,5,8,8,3,3,76,45%,574,17
Muzzleloader,0,6,6,2,2,0,2,0,18,33%,81,14
Totals,32,373,405,81,179,75,29,9,n/a,n/a,n/a,n/a
Archery,0,10,10,5,5,0,0,0,170,6%,"1,436",144
Modern Firearm,0,265,265,65,141,29,22,8,975,27%,"5,748",22
Multiple Weapons,0,22,22,3,9,5,5,0,96,23%,732,33
Muzzleloader,0,2,2,0,2,0,0,0,10,20%,33,17
Totals,0,299,299,73,157,34,27,8,n/a,n/a,n/a,n/a
Archery,6,5,11,5,0,0,0,0,56,20%,265,24
Modern Firearm,0,39,39,13,16,7,3,0,279,14%,"1,238",32
Multiple Weapons,3,6,9,0,2,2,2,0,31,29%,162,18
Muzzleloader,0,0,0,0,0,0,0,0,6,0%,52,0
Totals,9,50,59,18,18,9,5,0,n/a,n/a,n/a,n/a
Archery,0,2,2,0,2,0,0,0,45,4%,273,137
Modern Firearm,0,23,23,3,5,8,5,2,172,13%,"1,033",45
Multiple Weapons,0,0,0,0,0,0,0,0,16,0%,89,0
Muzzleloader,0,2,2,2,0,0,0,0,4,50%,19,10
Totals,0,27,27,5,7,8,5,2,n/a,n/a,n/a,n/a
Archery,5,9,14,2,5,2,0,0,120,12%,809,58
Modern Firearm,0,43,43,6,20,5,10,2,484,9%,"2,323",54
Multiple Weapons,0,4,4,2,2,0,0,0,43,9%,375,94
Muzzleloader,0,0,0,0,0,0,0,0,13,0%,55,0
Totals,5,56,61,10,27,7,10,2,n/a,n/a,n/a,n/a
Archery,51,42,93,33,7,2,0,0,342,27%,"2,262",24
Modern Firearm,0,402,402,141,167,66,23,5,"1,286",31%,"7,586",19
Multiple Weapons,3,38,41,5,19,9,5,0,144,28%,"1,305",32
Muzzleloader,0,6,6,0,2,4,0,0,24,25%,103,17
Totals,54,488,542,179,195,81,28,5,n/a,n/a,n/a,n/a
Archery,n/a,n/a,n/a,n/a,n/a,n/a,n/a,n/a,n/a,n/a,n/a,n/a
Modern Firearm,n/a,n/a,n/a,n/a,n/a,n/a,n/a,n/a,n/a,n/a,n/a,n/a
Multiple Weapons,n/a,n/a,n/a,n/a,n/a,n/a,n/a,n/a,n/a,n/a,n/a,n/a
Muzzleloader,n/a,n/a,n/a,n/a,n/a,n/a,n/a,n/a,n/a,n/a,n/a,n/a
Totals,0,0,0,0,0,0,0,0,n/a,n/a,n/a,n/a
Archery,1,9,10,0,0,9,0,0,33,30%,217,22
Modern Firearm,0,19,19,8,8,3,0,0,192,10%,"1,035",54
Multiple Weapons,2,14,16,4,2,4,0,4,33,48%,235,15
Muzzleloader,n/a,n/a,n/a,n/a,n/a,n/a,n/a,n/a,n/a,n/a,n/a,n/a
Totals,3,42,45,12,10,16,0,4,n/a,n/a,n/a,n/a
Archery,15,29,44,11,11,5,2,0,250,18%,"1,905",43
Modern Firearm,0,467,467,123,207,79,47,11,"1,466",32%,"8,009",17
Multiple Weapons,4,33,37,4,17,9,3,0,120,31%,"1,177",32
Muzzleloader,0,9,9,3,2,2,2,0,33,27%,140,16
Totals,19,538,557,141,237,95,54,11,n/a,n/a,n/a,n/a
Archery,0,25,25,6,7,9,3,0,129,19%,798,32
Modern Firearm,0,584,584,155,252,137,36,4,"1,629",36%,"10,226",18
Multiple Weapons,0,45,45,9,22,10,4,0,128,35%,"1,173",26
Muzzleloader,0,13,13,6,5,2,0,0,57,23%,267,21
Totals,0,667,667,176,286,158,43,4,n/a,n/a,n/a,n/a
Archery,19,14,33,8,4,2,0,0,84,39%,328,10
Modern Firearm,0,251,251,102,102,31,8,8,909,28%,"4,780",19
Multiple Weapons,3,23,26,8,6,6,3,0,78,33%,608,23
Muzzleloader,n/a,n/a,n/a,n/a,n/a,n/a,n/a,n/a,n/a,n/a,n/a,n/a
Totals,22,288,310,118,112,39,11,8,n/a,n/a,n/a,n/a
Archery,134,184,318,79,61,36,8,0,"1,290",25%,"10,002",31
Modern Firearm,0,"2,838","2,838",823,"1,256",497,203,59,"8,837",32%,"54,358",19
Multiple Weapons,27,259,286,50,109,66,27,7,722,40%,"7,748",27
Muzzleloader,22,67,89,22,27,12,4,2,303,29%,"1,590",18
Totals,183,"3,348","3,531",974,"1,453",611,242,68,n/a,n/a,n/a,n/a
Archery,25,43,68,10,13,10,3,7,283,24%,"2,173",32
Modern Firearm,0,118,118,21,31,27,29,10,403,29%,"1,935",16
Multiple Weapons,2,26,28,4,10,5,5,2,98,29%,"1,188",42
Muzzleloader,2,3,5,0,0,2,1,0,42,12%,242,48
Totals,29,190,219,35,54,44,38,19,n/a,n/a,n/a,n/a
Archery,0,2,2,2,0,0,0,0,17,12%,123,62
Modern Firearm,0,47,47,9,24,9,3,2,362,13%,"1,823",39
Multiple Weapons,0,12,12,2,0,5,5,0,46,26%,336,28
Muzzleloader,n/a,n/a,n/a,n/a,n/a,n/a,n/a,n/a,n/a,n/a,n/a,n/a
Totals,0,61,61,13,24,14,8,2,n/a,n/a,n/a,n/a
Archery,8,6,14,0,3,1,0,2,168,8%,"1,299",93
Modern Firearm,0,106,106,6,59,25,14,2,727,15%,"4,073",38
Multiple Weapons,6,30,36,5,9,16,0,0,153,24%,"1,527",42
Muzzleloader,2,5,7,0,2,3,0,0,88,8%,503,72
Totals,16,147,163,11,73,45,14,4,n/a,n/a,n/a,n/a
Archery,0,2,2,0,2,0,0,0,4,50%,26,13
Modern Firearm,2,14,16,3,6,3,0,2,29,55%,95,6
Multiple Weapons,2,0,2,0,0,0,0,0,3,67%,14,7
Muzzleloader,n/a,n/a,n/a,n/a,n/a,n/a,n/a,n/a,n/a,n/a,n/a,n/a
Totals,4,16,20,3,8,3,0,2,n/a,n/a,n/a,n/a
Archery,8,17,25,6,8,3,0,0,161,16%,"1,195",48
Modern Firearm,0,194,194,21,70,60,17,26,503,39%,"2,489",13
Multiple Weapons,4,25,29,5,9,6,3,2,71,41%,544,19
Muzzleloader,10,11,21,4,3,2,2,0,78,27%,516,25
Totals,22,247,269,36,90,71,22,28,n/a,n/a,n/a,n/a
Archery,53,41,94,22,6,6,7,0,312,30%,"2,646",28
Modern Firearm,0,497,497,171,204,79,30,13,"1,361",37%,"8,308",17
Multiple Weapons,29,96,125,30,43,17,3,3,261,48%,"2,610",21
Muzzleloader,63,30,93,15,10,5,0,0,232,40%,"1,352",15
Totals,145,664,809,238,263,107,40,16,n/a,n/a,n/a,n/a
Archery,94,111,205,40,32,20,10,9,913,22%,"7,573",37
Modern Firearm,2,976,978,231,394,203,93,55,"3,240",30%,"18,603",19
Multiple Weapons,43,189,232,46,71,49,16,7,558,42%,"6,174",27
Muzzleloader,77,49,126,19,15,12,3,0,451,28%,"2,843",23
Totals,216,"1,325","1,541",336,512,284,122,71,n/a,n/a,n/a,n/a
Archery,3,7,10,0,0,0,3,4,18,56%,182,18
Modern Firearm,3,56,59,3,21,10,12,10,122,48%,502,9
Multiple Weapons,0,2,2,0,2,0,0,0,9,22%,52,26
Muzzleloader,n/a,n/a,n/a,n/a,n/a,n/a,n/a,n/a,n/a,n/a,n/a,n/a
Totals,6,65,71,3,23,10,15,14,n/a,n/a,n/a,n/a
Archery,25,29,54,9,5,4,5,6,200,27%,"1,359",25
Modern Firearm,0,92,92,15,30,29,14,4,338,27%,"1,687",18
Multiple Weapons,3,23,26,4,5,7,5,2,132,20%,"1,385",53
Muzzleloader,0,16,16,8,4,2,2,0,100,16%,614,38
Totals,28,160,188,36,44,42,26,12,n/a,n/a,n/a,n/a
Archery,0,10,10,3,3,1,3,0,134,7%,955,96
Modern Firearm,0,44,44,6,21,10,5,2,452,10%,"1,917",44
Multiple Weapons,0,19,19,5,7,5,0,2,126,15%,"1,056",56
Muzzleloader,0,7,7,3,2,0,0,2,66,11%,267,38
Totals,0,80,80,17,33,16,8,6,n/a,n/a,n/a,n/a
Archery,0,0,0,0,0,0,0,0,38,0%,301,0
Modern Firearm,0,8,8,2,6,0,0,0,73,11%,217,27
Multiple Weapons,0,2,2,0,0,2,0,0,12,17%,235,118
Muzzleloader,n/a,n/a,n/a,n/a,n/a,n/a,n/a,n/a,n/a,n/a,n/a,n/a
Totals,0,10,10,2,6,2,0,0,n/a,n/a,n/a,n/a
Archery,n/a,n/a,n/a,n/a,n/a,n/a,n/a,n/a,n/a,n/a,n/a,n/a
Modern Firearm,n/a,n/a,n/a,n/a,n/a,n/a,n/a,n/a,n/a,n/a,n/a,n/a
Multiple Weapons,n/a,n/a,n/a,n/a,n/a,n/a,n/a,n/a,n/a,n/a,n/a,n/a
Muzzleloader,n/a,n/a,n/a,n/a,n/a,n/a,n/a,n/a,n/a,n/a,n/a,n/a
Totals,0,0,0,0,0,0,0,0,n/a,n/a,n/a,n/a
Archery,n/a,n/a,n/a,n/a,n/a,n/a,n/a,n/a,n/a,n/a,n/a,n/a
Modern Firearm,n/a,n/a,n/a,n/a,n/a,n/a,n/a,n/a,n/a,n/a,n/a,n/a
Multiple Weapons,n/a,n/a,n/a,n/a,n/a,n/a,n/a,n/a,n/a,n/a,n/a,n/a
Muzzleloader,n/a,n/a,n/a,n/a,n/a,n/a,n/a,n/a,n/a,n/a,n/a,n/a
Totals,0,0,0,0,0,0,0,0,n/a,n/a,n/a,n/a
Archery,28,46,74,12,8,5,11,10,389,19%,"2,893",39
Modern Firearm,3,200,203,26,78,49,31,16,961,21%,"4,303",21
Multiple Weapons,3,46,49,9,14,14,5,4,263,19%,"2,788",57
Muzzleloader,0,23,23,11,6,2,2,2,163,14%,876,38
Totals,34,315,349,58,106,70,49,32,n/a,n/a,n/a,n/a
Archery,0,5,5,0,2,0,3,0,34,15%,185,37
Modern Firearm,2,49,51,3,22,13,9,2,155,33%,470,9
Multiple Weapons,0,2,2,0,0,2,0,0,5,40%,27,14
Muzzleloader,0,0,0,0,0,0,0,0,10,0%,34,0
Totals,2,56,58,3,24,15,12,2,n/a,n/a,n/a,n/a
Archery,2,5,7,3,2,0,0,0,16,44%,70,10
Modern Firearm,5,34,39,5,14,7,5,3,61,64%,136,3
Multiple Weapons,0,4,4,2,0,2,0,0,5,80%,13,3
Muzzleloader,0,0,0,0,0,0,0,0,2,0%,2,0
Totals,7,43,50,10,16,9,5,3,n/a,n/a,n/a,n/a
Archery,2,0,2,0,0,0,0,0,4,50%,9,5
Modern Firearm,2,11,13,0,9,0,2,0,25,52%,65,5
Multiple Weapons,n/a,n/a,n/a,n/a,n/a,n/a,n/a,n/a,n/a,n/a,n/a,n/a
Muzzleloader,0,0,0,0,0,0,0,0,2,0%,4,0
Totals,4,11,15,0,9,0,2,0,n/a,n/a,n/a,n/a
Archery,0,4,4,0,2,2,0,0,16,25%,84,21
Modern Firearm,3,33,36,3,16,10,4,0,59,61%,201,6
Multiple Weapons,0,2,2,2,0,0,0,0,2,100%,2,1
Muzzleloader,n/a,n/a,n/a,n/a,n/a,n/a,n/a,n/a,n/a,n/a,n/a,n/a
Totals,3,39,42,5,18,12,4,0,n/a,n/a,n/a,n/a
Archery,0,7,7,2,5,0,0,0,19,37%,65,9
Modern Firearm,12,34,46,6,17,9,2,0,102,45%,290,6
Multiple Weapons,2,0,2,0,0,0,0,0,4,50%,16,8
Muzzleloader,0,0,0,0,0,0,0,0,7,0%,35,0
Totals,14,41,55,8,22,9,2,0,n/a,n/a,n/a,n/a
Archery,2,2,4,2,0,0,0,0,7,57%,21,5
Modern Firearm,3,17,20,6,7,2,2,0,42,48%,112,6
Multiple Weapons,0,2,2,2,0,0,0,0,3,67%,3,2
Muzzleloader,0,2,2,2,0,0,0,0,4,50%,6,3
Totals,5,23,28,12,7,2,2,0,n/a,n/a,n/a,n/a
Archery,0,4,4,2,2,0,0,0,5,80%,31,8
Modern Firearm,2,4,6,2,2,0,0,0,7,86%,20,3
Multiple Weapons,n/a,n/a,n/a,n/a,n/a,n/a,n/a,n/a,n/a,n/a,n/a,n/a
Muzzleloader,n/a,n/a,n/a,n/a,n/a,n/a,n/a,n/a,n/a,n/a,n/a,n/a
Totals,2,8,10,4,4,0,0,0,n/a,n/a,n/a,n/a
Archery,0,0,0,0,0,0,0,0,7,0%,20,0
Modern Firearm,0,14,14,0,0,14,0,0,31,45%,105,8
Multiple Weapons,0,0,0,0,0,0,0,0,2,0%,3,0
Muzzleloader,0,0,0,0,0,0,0,0,2,0%,8,0
Totals,0,14,14,0,0,14,0,0,n/a,n/a,n/a,n/a
Archery,0,1,1,0,1,0,0,0,10,10%,28,28
Modern Firearm,2,16,18,0,6,5,3,2,28,64%,120,7
Multiple Weapons,2,2,4,0,0,0,2,0,5,80%,19,5
Muzzleloader,2,0,2,0,0,0,0,0,2,100%,14,7
Totals,6,19,25,0,7,5,5,2,n/a,n/a,n/a,n/a
Archery,10,25,35,3,8,5,9,0,143,24%,914,26
Modern Firearm,41,188,229,28,70,41,30,19,444,52%,"1,974",9
Multiple Weapons,4,23,27,2,7,9,3,2,57,47%,512,19
Muzzleloader,0,4,4,2,2,0,0,0,15,27%,51,13
Totals,55,240,295,35,87,55,42,21,n/a,n/a,n/a,n/a
Archery,2,4,6,0,2,0,2,0,20,30%,164,27
Modern Firearm,3,10,13,2,0,3,3,2,43,30%,131,10
Multiple Weapons,0,0,0,0,0,0,0,0,8,0%,42,0
Muzzleloader,0,0,0,0,0,0,0,0,3,0%,14,0
Totals,5,14,19,2,2,3,5,2,n/a,n/a,n/a,n/a
Archery,15,11,26,5,6,0,0,0,186,14%,"1,306",50
Modern Firearm,0,62,62,11,27,20,2,2,640,10%,"3,034",49
Multiple Weapons,0,27,27,5,11,4,4,3,127,21%,"1,043",39
Muzzleloader,0,13,13,2,6,5,0,0,81,16%,401,31
Totals,15,113,128,23,50,29,6,5,n/a,n/a,n/a,n/a
Archery,0,0,0,0,0,0,0,0,8,0%,41,0
Modern Firearm,0,2,2,0,2,0,0,0,64,3%,260,130
Multiple Weapons,0,0,0,0,0,0,0,0,4,0%,19,0
Muzzleloader,0,0,0,0,0,0,0,0,4,0%,10,0
Totals,0,2,2,0,2,0,0,0,n/a,n/a,n/a,n/a
Archery,33,68,101,17,30,7,14,0,463,22%,"3,036",30
Modern Firearm,75,474,549,66,192,124,62,30,"1,673",33%,"7,033",13
Multiple Weapons,8,62,70,13,18,17,9,5,210,33%,"1,651",24
Muzzleloader,2,19,21,6,8,5,0,0,124,17%,591,28
Totals,118,623,741,102,248,153,85,35,n/a,n/a,n/a,n/a
Archery,50,62,112,14,21,9,12,6,477,23%,"3,637",32
Modern Firearm,0,316,316,50,111,100,40,15,"1,065",30%,"4,743",15
Multiple Weapons,11,62,73,16,21,11,10,4,240,30%,"1,981",27
Muzzleloader,8,25,33,5,12,5,3,0,146,23%,845,26
Totals,69,465,534,85,165,125,65,25,n/a,n/a,n/a,n/a
Archery,0,2,2,2,0,0,0,0,82,2%,487,244
Modern Firearm,0,38,38,6,15,10,5,2,529,7%,"2,563",67
Multiple Weapons,0,8,8,0,3,2,3,0,47,17%,224,28
Muzzleloader,0,0,0,0,0,0,0,0,20,0%,76,0
Totals,0,48,48,8,18,12,8,2,n/a,n/a,n/a,n/a
Archery,2,2,4,2,0,0,0,0,9,44%,24,6
Modern Firearm,0,3,3,0,0,0,0,3,31,10%,109,36
Multiple Weapons,0,2,2,0,0,0,0,2,8,25%,42,21
Muzzleloader,n/a,n/a,n/a,n/a,n/a,n/a,n/a,n/a,n/a,n/a,n/a,n/a
Totals,2,7,9,2,0,0,0,5,n/a,n/a,n/a,n/a
Archery,16,15,31,3,8,4,0,0,169,18%,"1,298",42
Modern Firearm,0,104,104,26,47,23,3,5,570,18%,"2,658",26
Multiple Weapons,3,24,27,2,6,8,5,3,91,30%,712,26
Muzzleloader,0,2,2,0,0,2,0,0,33,6%,128,64
Totals,19,145,164,31,61,37,8,8,n/a,n/a,n/a,n/a
Archery,68,81,149,21,29,13,12,6,704,21%,"5,572",37
Modern Firearm,0,461,461,82,173,133,48,25,"2,007",23%,"10,003",22
Multiple Weapons,14,96,110,18,30,21,18,9,339,32%,"2,895",26
Muzzleloader,8,27,35,5,12,7,3,0,197,18%,"1,024",29
Totals,90,665,755,126,244,174,81,40,n/a,n/a,n/a,n/a
Archery,36,28,64,14,7,3,4,0,167,38%,999,16
Modern Firearm,0,234,234,56,101,56,18,3,"1,181",20%,"5,592",24
Multiple Weapons,3,26,29,3,16,2,2,3,117,25%,"1,100",38
Muzzleloader,0,15,15,3,10,0,2,0,78,19%,400,27
Totals,39,303,342,76,134,61,26,6,n/a,n/a,n/a,n/a
Archery,16,50,66,9,26,9,6,0,157,42%,"1,268",19
Modern Firearm,20,206,226,37,81,67,15,6,618,37%,"3,029",13
Multiple Weapons,6,23,29,10,7,3,3,0,58,50%,539,19
Muzzleloader,3,4,7,0,2,0,2,0,31,23%,133,19
Totals,45,283,328,56,116,79,26,6,n/a,n/a,n/a,n/a
Archery,32,59,91,18,18,12,5,6,310,29%,"2,187",24
Modern Firearm,0,179,179,29,65,38,30,17,568,32%,"2,683",15
Multiple Weapons,6,27,33,5,15,3,2,2,98,34%,661,20
Muzzleloader,0,4,4,2,2,0,0,0,37,11%,136,34
Totals,38,269,307,54,100,53,37,25,n/a,n/a,n/a,n/a
Archery,7,12,19,7,3,2,0,0,111,17%,796,42
Modern Firearm,0,289,289,75,121,65,18,10,"1,157",25%,"6,383",22
Multiple Weapons,9,48,57,12,25,9,0,2,161,35%,"1,489",26
Muzzleloader,24,21,45,10,9,2,0,0,193,23%,"1,243",28
Totals,40,370,410,104,158,78,18,12,n/a,n/a,n/a,n/a
Archery,6,2,8,2,0,0,0,0,43,19%,307,38
Modern Firearm,0,105,105,31,56,11,5,2,589,18%,"2,696",26
Multiple Weapons,3,9,12,3,3,3,0,0,57,21%,732,61
Muzzleloader,0,2,2,2,0,0,0,0,11,18%,45,23
Totals,9,118,127,38,59,14,5,2,n/a,n/a,n/a,n/a
Archery,4,8,12,5,3,0,0,0,47,26%,587,49
Modern Firearm,0,278,278,101,138,28,8,3,895,31%,"5,391",19
Multiple Weapons,0,30,30,6,18,1,3,2,90,33%,752,25
Muzzleloader,0,16,16,10,4,2,0,0,74,22%,593,37
Totals,4,332,336,122,163,31,11,5,n/a,n/a,n/a,n/a
Archery,101,159,260,55,57,26,15,6,755,34%,"6,165",24
Modern Firearm,20,"1,291","1,311",329,562,265,94,41,"4,600",29%,"25,648",20
Multiple Weapons,27,163,190,39,84,21,10,9,480,40%,"5,175",27
Muzzleloader,27,62,89,27,27,4,4,0,377,24%,"2,461",28
Totals,175,"1,675","1,850",450,730,316,123,56,n/a,n/a,n/a,n/a
Archery,0,0,0,0,0,0,0,0,2,0%,7,0
Modern Firearm,0,40,40,6,22,9,3,0,165,24%,703,18
Multiple Weapons,0,0,0,0,0,0,0,0,5,0%,16,0
Muzzleloader,n/a,n/a,n/a,n/a,n/a,n/a,n/a,n/a,n/a,n/a,n/a,n/a
Totals,0,40,40,6,22,9,3,0,n/a,n/a,n/a,n/a
Archery,0,0,0,0,0,0,0,0,17,0%,88,0
Modern Firearm,0,46,46,21,16,7,0,2,311,15%,"2,062",45
Multiple Weapons,0,6,6,4,2,0,0,0,24,25%,292,49
Muzzleloader,0,0,0,0,0,0,0,0,17,0%,141,0
Totals,0,52,52,25,18,7,0,2,n/a,n/a,n/a,n/a
Archery,0,12,12,3,5,4,0,0,67,18%,524,44
Modern Firearm,0,66,66,17,30,17,0,2,365,18%,"1,579",24
Multiple Weapons,0,14,14,6,4,2,2,0,37,38%,530,38
Muzzleloader,0,0,0,0,0,0,0,0,4,0%,9,0
Totals,0,92,92,26,39,23,2,2,n/a,n/a,n/a,n/a
Archery,0,2,2,0,2,0,0,0,20,10%,188,94
Modern Firearm,0,29,29,13,6,8,2,0,213,14%,867,30
Multiple Weapons,0,2,2,0,0,2,0,0,14,14%,80,40
Muzzleloader,0,0,0,0,0,0,0,0,13,0%,25,0
Totals,0,33,33,13,8,10,2,0,n/a,n/a,n/a,n/a
Archery,0,1,1,0,1,0,0,0,24,4%,222,222
Modern Firearm,0,32,32,6,20,6,0,0,114,28%,747,23
Multiple Weapons,0,0,0,0,0,0,0,0,7,0%,62,0
Muzzleloader,n/a,n/a,n/a,n/a,n/a,n/a,n/a,n/a,n/a,n/a,n/a,n/a
Totals,0,33,33,6,21,6,0,0,n/a,n/a,n/a,n/a
Archery,0,0,0,0,0,0,0,0,46,0%,296,0
Modern Firearm,0,28,28,5,19,1,3,0,183,15%,"1,036",37
Multiple Weapons,0,0,0,0,0,0,0,0,15,0%,100,0
Muzzleloader,0,0,0,0,0,0,0,0,17,0%,76,0
Totals,0,28,28,5,19,1,3,0,n/a,n/a,n/a,n/a
Archery,0,15,15,3,8,4,0,0,168,9%,"1,404",94
Modern Firearm,0,241,241,68,113,48,8,4,"1,202",20%,"7,199",30
Multiple Weapons,0,22,22,10,6,4,2,0,86,26%,"1,169",53
Muzzleloader,0,0,0,0,0,0,0,0,60,0%,324,n/a
Totals,0,278,278,81,127,56,10,4,n/a,n/a,n/a,n/a
Archery,0,0,0,0,0,0,0,0,4,0%,29,0
Modern Firearm,0,2,2,2,0,0,0,0,13,15%,35,18
Multiple Weapons,0,0,0,0,0,0,0,0,2,0%,7,0
Muzzleloader,n/a,n/a,n/a,n/a,n/a,n/a,n/a,n/a,n/a,n/a,n/a,n/a
Totals,0,2,2,2,0,0,0,0,n/a,n/a,n/a,n/a
Archery,0,0,0,0,0,0,0,0,11,0%,161,0
Modern Firearm,0,6,6,2,2,2,0,0,60,10%,373,62
Multiple Weapons,0,0,0,0,0,0,0,0,5,0%,23,0
Muzzleloader,n/a,n/a,n/a,n/a,n/a,n/a,n/a,n/a,n/a,n/a,n/a,n/a
Totals,0,6,6,2,2,2,0,0,n/a,n/a,n/a,n/a
Archery,0,0,0,0,0,0,0,0,7,0%,19,0
Modern Firearm,0,30,30,12,15,3,0,0,149,20%,"1,017",34
Multiple Weapons,0,5,5,2,3,0,0,0,8,63%,26,5
Muzzleloader,0,0,0,0,0,0,0,0,2,0%,6,0
Totals,0,35,35,14,18,3,0,0,n/a,n/a,n/a,n/a
Archery,22,12,34,8,4,0,0,0,164,21%,"1,517",45
Modern Firearm,0,165,165,49,82,26,4,4,812,20%,"4,624",28
Multiple Weapons,0,11,11,3,4,2,2,0,54,20%,458,42
Muzzleloader,0,0,0,0,0,0,0,0,15,0%,69,0
Totals,22,188,210,60,90,28,6,4,n/a,n/a,n/a,n/a
Archery,7,0,7,0,0,0,0,0,37,19%,460,66
Modern Firearm,0,86,86,23,44,14,3,2,350,25%,"2,133",25
Multiple Weapons,2,14,16,3,6,5,0,0,39,41%,348,22
Muzzleloader,0,2,2,0,0,0,2,0,27,7%,174,87
Totals,9,102,111,26,50,19,5,2,n/a,n/a,n/a,n/a
Archery,13,18,31,7,11,0,0,0,115,27%,919,30
Modern Firearm,0,163,163,58,83,15,5,2,613,27%,"3,784",23
Multiple Weapons,3,14,17,7,5,2,0,0,71,24%,675,40
Muzzleloader,0,4,4,0,2,2,0,0,13,31%,63,16
Totals,16,199,215,72,101,19,5,2,n/a,n/a,n/a,n/a
Archery,44,29,73,15,14,0,0,0,331,22%,"2,107",29
Modern Firearm,0,234,234,55,111,46,22,0,"1,203",19%,"6,669",29
Multiple Weapons,3,30,33,7,11,7,5,0,120,28%,"1,090",33
Muzzleloader,0,4,4,2,2,0,0,0,43,9%,135,34
Totals,47,297,344,79,138,53,27,0,n/a,n/a,n/a,n/a
Archery,53,26,79,15,7,4,0,0,236,33%,"1,897",24
Modern Firearm,0,199,199,70,93,24,12,0,658,30%,"3,918",20
Multiple Weapons,6,40,46,11,16,11,2,0,103,45%,835,18
Muzzleloader,0,0,0,0,0,0,0,0,18,0%,68,0
Totals,59,265,324,96,116,39,14,0,n/a,n/a,n/a,n/a
Archery,3,6,9,2,2,0,2,0,92,10%,710,79
Modern Firearm,0,89,89,20,46,18,3,2,450,20%,"3,035",34
Multiple Weapons,0,15,15,0,3,11,1,0,67,22%,656,44
Muzzleloader,0,2,2,2,0,0,0,0,30,7%,132,66
Totals,3,112,115,24,51,29,6,2,n/a,n/a,n/a,n/a
Archery,0,4,4,0,2,0,0,2,71,6%,485,121
Modern Firearm,0,55,55,2,31,11,11,0,196,28%,"1,341",24
Multiple Weapons,0,3,3,0,0,3,0,0,24,13%,234,78
Muzzleloader,n/a,n/a,n/a,n/a,n/a,n/a,n/a,n/a,n/a,n/a,n/a,n/a
Totals,0,62,62,2,33,14,11,2,n/a,n/a,n/a,n/a
Archery,0,4,4,0,0,4,0,0,8,50%,57,14
Modern Firearm,0,13,13,2,5,4,2,0,42,31%,279,21
Multiple Weapons,0,0,0,0,0,0,0,0,12,0%,67,0
Muzzleloader,2,2,4,0,0,0,2,0,11,36%,50,13
Totals,2,19,21,2,5,8,4,0,n/a,n/a,n/a,n/a
Archery,0,2,2,2,0,0,0,0,10,20%,95,48
Modern Firearm,n/a,n/a,n/a,n/a,n/a,n/a,n/a,n/a,n/a,n/a,n/a,n/a
Multiple Weapons,n/a,n/a,n/a,n/a,n/a,n/a,n/a,n/a,n/a,n/a,n/a,n/a
Muzzleloader,n/a,n/a,n/a,n/a,n/a,n/a,n/a,n/a,n/a,n/a,n/a,n/a
Totals,0,2,2,2,0,0,0,0,n/a,n/a,n/a,n/a
Archery,142,101,243,49,40,8,2,2,"1,000",24%,"8,554",35
Modern Firearm,0,"1,042","1,042",295,512,163,62,10,"4,225",25%,"27,262",26
Multiple Weapons,14,132,146,33,48,41,10,0,453,32%,"4,368",30
Muzzleloader,2,14,16,4,4,2,4,0,136,12%,667,42
Totals,158,"1,289","1,447",381,604,214,78,12,n/a,n/a,n/a,n/a
